,SessionID,VendorID,LocationID,EVSEID,PortID,EVSEModelNbr,EVSENbrOfPorts,SessionStartDateTime,SessionEndDateTime,SessionConnectionTime,Duration_StateC,SessionKWH,SessionMaxDemandKW,SessionAverageDemandKW,SessionSaleAmount,VehicleMake,VehicleModel,UserID,DREventCalled,DREventParticipated
2,3,CR_Mobilityhouse,CRT-2019-0052,HVC150-US1-3420-264,1,EVP-2001-70-P-0001,1,11/01/21 00:06:08,11/01/21 00:49:32,2604,2604,87.138,138.54166666666669,120.46728110599079,$0.00,,,,,
3,4,CR_Mobilityhouse,CRT-2019-0052,HVC150-US1-3420-264,1,EVP-2001-70-P-0001,1,11/01/21 09:45:05,11/01/21 11:19:18,5653,1803,67.137,144.375,134.0505823627288,$0.00,,,,,
4,5,CR_Mobilityhouse,CRT-2019-0052,HVC150-US1-3420-264,1,EVP-2001-70-P-0001,1,11/01/21 17:17:52,11/02/21 05:50:59,45187,44787,148.159,143.95833333333334,11.909089691205036,$0.00,,,,,
5,6,CR_Mobilityhouse,CRT-2019-0052,HVC150-US1-3520-484,1,EVP-2001-70-P-0001,1,11/02/21 00:07:54,11/02/21 05:49:39,20505,18485,74.452,143.95833333333334,14.49971328103868,$0.00,,,,,
6,7,CR_Mobilityhouse,CRT-2019-0052,HVC150-US1-3420-264,1,EVP-2001-70-P-0001,1,11/02/21 09:56:07,11/02/21 15:00:49,18282,13542,133.494,140.0,35.48799291094373,$0.00,,,,,
7,8,CR_Mobilityhouse,CRT-2019-0052,HVC150-US1-3720-012,1,EVP-2001-70-P-0001,1,11/02/21 09:56:42,11/02/21 11:33:09,5787,1767,64.378,144.375,131.16061120543293,$0.00,,,,,
8,9,CR_Mobilityhouse,CRT-2019-0052,HVC150-US1-3520-484,1,EVP-2001-70-P-0001,1,11/02/21 11:34:14,11/02/21 15:01:10,12416,12096,14.216,143.75,4.23095238095238,$0.00,,,,,
9,10,CR_Mobilityhouse,CRT-2019-0052,HVC150-US1-3820-199,1,EVP-2001-70-P-0001,1,11/02/21 12:39:03,11/02/21 16:25:37,13594,2484,83.324,140.83333333333334,120.75942028985507,$0.00,,,,,
10,11,CR_Mobilityhouse,CRT-2019-0052,HVC150-US1-3720-012,1,EVP-2001-70-P-0001,1,11/02/21 13:31:03,11/02/21 16:25:23,10460,7470,6.05,142.82395833333334,2.91566265060241,$0.00,,,,,
11,12,CR_Mobilityhouse,CRT-2019-0052,HVC150-US1-3520-626,1,EVP-2001-70-P-0001,1,11/02/21 17:50:26,11/02/21 22:05:25,15299,12409,57.285,143.54166666666669,16.61906680635023,$0.00,,,,,
12,13,CR_Mobilityhouse,CRT-2019-0052,HVC150-US1-3420-264,1,EVP-2001-70-P-0001,1,11/02/21 17:50:45,11/02/21 22:04:09,15204,14924,10.067,143.54166666666669,2.4283838113106406,$0.00,,,,,
13,14,CR_Mobilityhouse,CRT-2019-0052,HVC150-US1-3520-484,1,EVP-2001-70-P-0001,1,11/02/21 20:23:09,11/02/21 20:51:02,1673,4,59.324,139.58333333333334,53391.6,$0.00,,,,,
14,15,CR_Mobilityhouse,CRT-2019-0052,HVC150-US1-3520-484,1,EVP-2001-70-P-0001,1,11/02/21 20:54:41,11/03/21 06:26:56,34335,31725,37.906,143.75,4.301390070921985,$0.00,,,,,
15,16,CR_Mobilityhouse,CRT-2019-0052,HVC150-US1-3620-827,1,EVP-2001-70-P-0001,1,11/02/21 23:27:22,11/03/21 05:48:36,22874,16784,86.945,144.375,18.64883222116301,$0.00,,,,,
16,17,CR_Mobilityhouse,CRT-2019-0052,HVC150-US1-3820-199,1,EVP-2001-70-P-0001,1,11/02/21 23:46:44,11/03/21 05:49:50,21786,21126,232.791,143.75,39.66901448452145,$0.00,,,,,
17,18,CR_Mobilityhouse,CRT-2019-0052,HVC150-US1-3720-012,1,EVP-2001-70-P-0001,1,11/03/21 08:09:38,11/03/21 10:21:37,7919,7919,249.505,129.16666666666669,113.42568506124509,$0.00,,,,,
18,19,CR_Mobilityhouse,CRT-2019-0052,HVC150-US1-3620-826,1,EVP-2001-70-P-0001,1,11/03/21 08:40:07,11/03/21 10:05:08,5101,2741,101.092,144.16666666666669,132.77314848595404,$0.00,,,,,
19,20,CR_Mobilityhouse,CRT-2019-0052,HVC150-US1-3820-199,1,EVP-2001-70-P-0001,1,11/03/21 09:00:59,11/03/21 11:45:43,9884,9547,205.129,134.73333333333335,77.35041374253692,$0.00,,,,,
20,21,CR_Mobilityhouse,CRT-2019-0052,HVC150-US1-3520-484,1,EVP-2001-70-P-0001,1,11/03/21 10:28:51,11/03/21 11:44:38,4547,4257,24.949,143.95833333333334,21.098520084566598,$0.00,,,,,
21,22,CR_Mobilityhouse,CRT-2019-0052,HVC150-US1-3720-011,1,EVP-2001-70-P-0001,1,11/03/21 10:41:24,11/03/21 11:46:10,3886,3616,22.823,142.70833333333334,22.722013274336284,$0.00,,,,,
22,23,CR_Mobilityhouse,CRT-2019-0052,HVC150-US1-3720-012,1,EVP-2001-70-P-0001,1,11/03/21 10:45:11,11/03/21 11:36:10,3059,2119,8.604,130.8125,14.61746106654082,$0.00,,,,,
23,24,CR_Mobilityhouse,CRT-2019-0052,HVC150-US1-3620-827,1,EVP-2001-70-P-0001,1,11/03/21 11:37:16,11/03/21 12:26:05,2929,1599,58.84,145.41666666666669,132.47279549718576,$0.00,,,,,
24,25,CR_Mobilityhouse,CRT-2019-0052,HVC150-US1-3520-626,1,EVP-2001-70-P-0001,1,11/03/21 13:21:40,11/04/21 05:12:34,57054,41114,25.979,143.75,2.2747579899790824,$0.00,,,,,
25,26,CR_Mobilityhouse,CRT-2019-0052,HVC150-US1-3420-264,1,EVP-2001-70-P-0001,1,11/03/21 14:24:02,11/03/21 16:59:52,9350,9280,4.068,142.82395833333334,1.5781034482758618,$0.00,,,,,
26,27,CR_Mobilityhouse,CRT-2019-0052,HVC150-US1-3520-484,1,EVP-2001-70-P-0001,1,11/03/21 17:32:20,11/04/21 05:15:54,42214,39444,139.93,143.125,12.771219957407972,$0.00,,,,,
27,28,CR_Mobilityhouse,CRT-2019-0052,HVC150-US1-3620-827,1,EVP-2001-70-P-0001,1,11/03/21 23:44:10,11/04/21 05:15:34,19884,19484,256.135,143.125,47.325292547731465,$0.00,,,,,
28,29,CR_Mobilityhouse,CRT-2019-0052,HVC150-US1-3420-264,1,EVP-2001-70-P-0001,1,11/04/21 09:07:06,11/04/21 13:14:32,14846,12366,97.729,144.375,28.4509461426492,$0.00,,,,,
29,30,CR_Mobilityhouse,CRT-2019-0052,HVC150-US1-3720-012,1,EVP-2001-70-P-0001,1,11/04/21 09:16:58,11/04/21 13:17:26,14428,12558,148.714,144.58333333333334,42.63182035355948,$0.00,,,,,
30,31,CR_Mobilityhouse,CRT-2019-0052,HVC150-US1-3520-626,1,EVP-2001-70-P-0001,1,11/04/21 11:37:27,11/04/21 12:36:10,3523,383,13.116,142.29166666666669,123.28355091383813,$0.00,,,,,
31,32,CR_Mobilityhouse,CRT-2019-0052,HVC150-US1-3720-011,1,EVP-2001-70-P-0001,1,11/04/21 11:38:24,11/04/21 12:35:36,3432,262,9.302,130.8125,127.81374045801525,$0.00,,,,,
32,33,CR_Mobilityhouse,CRT-2019-0052,HVC150-US1-3420-264,1,EVP-2001-70-P-0001,1,11/04/21 16:34:32,11/04/21 21:27:56,17604,17334,155.085,144.375,32.20872274143302,$0.00,,,,,
33,34,CR_Mobilityhouse,CRT-2019-0052,HVC150-US1-3520-484,1,EVP-2001-70-P-0001,1,11/04/21 17:16:06,11/05/21 05:23:59,43673,43073,129.531,143.54166666666669,10.826076660553015,$0.00,,,,,
34,35,CR_Mobilityhouse,CRT-2019-0052,HVC150-US1-3620-827,1,EVP-2001-70-P-0001,1,11/04/21 17:37:46,11/05/21 05:27:09,42563,41043,133.232,143.95833333333334,11.686163292157005,$0.00,,,,,
35,36,CR_Mobilityhouse,CRT-2019-0052,HVC150-US1-3720-012,1,EVP-2001-70-P-0001,1,11/04/21 23:28:21,11/05/21 05:30:07,21706,15506,102.507,144.58333333333334,23.7988649555011,$0.00,,,,,
36,37,CR_Mobilityhouse,CRT-2019-0052,HVC150-US1-3820-199,1,EVP-2001-70-P-0001,1,11/04/21 23:42:48,11/05/21 05:30:23,20855,20035,124.319,143.75,22.338327926129274,$0.00,,,,,
37,38,CR_Mobilityhouse,CRT-2019-0052,HVC150-US1-3420-264,1,EVP-2001-70-P-0001,1,11/05/21 09:09:04,11/05/21 10:13:59,3895,1805,66.753,144.375,133.13617728531855,$0.00,,,,,
38,39,CR_Mobilityhouse,CRT-2019-0052,HVC150-US1-3720-012,1,EVP-2001-70-P-0001,1,11/05/21 13:17:50,11/05/21 13:19:10,80,80,2.273,130.20833333333334,102.285,$0.00,,,,,
39,40,CR_Mobilityhouse,CRT-2019-0052,HVC150-US1-3720-011,1,EVP-2001-70-P-0001,1,11/05/21 13:22:35,11/05/21 13:52:01,1766,1756,44.638,154.5760416666667,91.5129840546697,$0.00,,,,,
40,41,CR_Mobilityhouse,CRT-2019-0052,HVC150-US1-3720-011,1,EVP-2001-70-P-0001,1,11/05/21 14:37:48,11/05/21 14:38:25,37,37,0.452,96.22395833333334,43.97837837837838,$0.00,,,,,
41,42,CR_Mobilityhouse,CRT-2019-0052,HVC150-US1-3720-011,1,EVP-2001-70-P-0001,1,11/05/21 15:24:16,11/05/21 15:24:54,38,38,0.474,96.99375,44.90526315789474,$0.00,,,,,
42,43,CR_Mobilityhouse,CRT-2019-0052,HVC150-US1-3720-011,1,EVP-2001-70-P-0001,1,11/05/21 16:10:50,11/05/21 16:11:17,27,27,0.466,92.375,62.13333333333333,$0.00,,,,,
43,44,CR_Mobilityhouse,CRT-2019-0052,HVC150-US1-3720-011,1,EVP-2001-70-P-0001,1,11/05/21 16:57:06,11/05/21 16:57:33,27,27,0.466,96.22395833333334,62.13333333333333,$0.00,,,,,
44,45,CR_Mobilityhouse,CRT-2019-0052,HVC150-US1-3520-484,1,EVP-2001-70-P-0001,1,11/05/21 17:20:28,11/06/21 05:33:52,44004,43964,219.276,143.75,17.955454462742242,$0.00,,,,,
45,46,CR_Mobilityhouse,CRT-2019-0052,HVC150-US1-3620-827,1,EVP-2001-70-P-0001,1,11/05/21 17:24:27,11/06/21 07:55:20,52253,52243,168.664,143.54166666666669,11.622425970943475,$0.00,,,,,
46,47,CR_Mobilityhouse,CRT-2019-0052,HVC150-US1-3720-011,1,EVP-2001-70-P-0001,1,11/05/21 17:43:21,11/05/21 17:43:29,8,8,0.066,1.5270833333333336,29.700000000000003,$0.00,,,,,
47,48,CR_Mobilityhouse,CRT-2019-0052,HVC150-US1-3720-011,1,EVP-2001-70-P-0001,1,11/05/21 19:15:13,11/05/21 19:15:50,37,37,0.572,104.69166666666668,55.65405405405405,$0.00,,,,,
48,49,CR_Mobilityhouse,CRT-2019-0052,HVC150-US1-3620-826,1,EVP-2001-70-P-0001,1,11/05/21 23:29:38,11/06/21 09:03:12,34414,29044,142.499,143.95833333333334,17.662732406004682,$0.00,,,,,
49,50,CR_Mobilityhouse,CRT-2019-0052,HVC150-US1-3420-264,1,EVP-2001-70-P-0001,1,11/05/21 23:41:00,11/06/21 13:12:03,48663,46533,124.385,143.54166666666669,9.62297724195732,$0.00,,,,,
50,51,CR_Mobilityhouse,CRT-2019-0052,HVC150-US1-3820-199,1,EVP-2001-70-P-0001,1,11/05/21 23:46:47,11/06/21 13:23:22,48995,46255,183.313,143.95833333333334,14.267145173494757,$0.00,,,,,
51,52,CR_Mobilityhouse,CRT-2019-0052,HVC150-US1-3520-484,1,EVP-2001-70-P-0001,1,11/06/21 06:04:42,11/06/21 06:53:18,2916,1817,1.859,143.33333333333334,3.683214089157953,$0.00,,,,,
52,53,CR_Mobilityhouse,CRT-2019-0052,HVC150-US1-3720-012,1,EVP-2001-70-P-0001,1,11/06/21 13:20:29,11/06/21 14:27:36,4027,4027,139.64,137.5,124.8333747206357,$0.00,,,,,
53,54,CR_Mobilityhouse,CRT-2019-0052,HVC150-US1-3520-484,1,EVP-2001-70-P-0001,1,11/06/21 16:27:48,11/07/21 07:40:12,54744,50534,77.821,142.91666666666669,5.543903114734634,$0.00,,,,,
54,55,CR_Mobilityhouse,CRT-2019-0052,HVC150-US1-3720-011,1,EVP-2001-70-P-0001,1,11/06/21 18:04:11,11/06/21 18:42:17,2286,2286,93.533,154.575,147.29606299212597,$0.00,,,,,
55,56,CR_Mobilityhouse,CRT-2019-0052,HVC150-US1-3820-199,1,EVP-2001-70-P-0001,1,11/06/21 18:37:11,11/07/21 07:35:26,46695,43725,109.7,143.33333333333334,9.031903945111491,$0.00,,,,,
56,57,CR_Mobilityhouse,CRT-2019-0052,HVC150-US1-3520-483,1,EVP-2001-70-P-0001,1,11/06/21 18:49:21,11/06/21 20:00:28,4267,4207,101.179,155.24583333333334,86.58055621583077,$0.00,,,,,
57,58,CR_Mobilityhouse,CRT-2019-0052,HVC150-US1-3420-264,1,EVP-2001-70-P-0001,1,11/06/21 18:53:40,11/07/21 01:59:50,25570,22380,13.618,144.16666666666669,2.190563002680965,$0.00,,,,,
58,59,CR_Mobilityhouse,CRT-2019-0052,HVC150-US1-3620-827,1,EVP-2001-70-P-0001,1,11/06/21 23:32:40,11/07/21 06:45:46,25986,22366,134.688,143.95833333333334,21.679191630152907,$0.00,,,,,
59,60,CR_Mobilityhouse,CRT-2019-0052,HVC150-US1-3620-827,1,EVP-2001-70-P-0001,1,11/07/21 07:16:32,11/07/21 09:02:09,6337,6267,4.157,143.33333333333334,2.3879368118717093,$0.00,,,,,
60,61,CR_Mobilityhouse,CRT-2019-0052,HVC150-US1-3420-264,1,EVP-2001-70-P-0001,1,11/07/21 08:42:22,11/07/21 13:26:56,17074,16314,119.481,141.9,26.365796248620814,$0.00,,,,,
61,62,CR_Mobilityhouse,CRT-2019-0052,HVC150-US1-3720-011,1,EVP-2001-70-P-0001,1,11/07/21 12:36:30,11/07/21 13:39:57,3807,3807,105.541,154.73333333333335,99.80236406619385,$0.00,,,,,
62,63,CR_Mobilityhouse,CRT-2019-0052,HVC150-US1-3520-484,1,EVP-2001-70-P-0001,1,11/08/21 16:31:24,11/08/21 21:20:06,17322,14322,122.024,142.91666666666669,30.67214076246334,$0.00,,,,,
63,64,CR_Mobilityhouse,CRT-2019-0052,HVC150-US1-3620-827,1,EVP-2001-70-P-0001,1,11/08/21 17:03:10,11/09/21 07:51:35,53305,51545,86.948,143.54166666666669,6.072612280531573,$0.00,,,,,
64,65,CR_Mobilityhouse,CRT-2019-0052,HVC150-US1-3420-264,1,EVP-2001-70-P-0001,1,11/08/21 17:15:41,11/09/21 00:52:23,27402,23032,105.056,142.5,16.42070163251129,$0.00,,,,,
65,66,CR_Mobilityhouse,CRT-2019-0052,HVC150-US1-3520-483,1,EVP-2001-70-P-0001,1,11/08/21 17:53:29,11/08/21 20:36:54,9805,9495,239.757,155.24583333333334,90.90312796208532,$0.00,,,,,
66,67,CR_Mobilityhouse,CRT-2019-0052,HVC150-US1-3520-484,1,EVP-2001-70-P-0001,1,11/08/21 21:50:50,11/09/21 01:55:05,14655,13415,15.253,143.75,4.093238911666045,$0.00,,,,,
67,68,CR_Mobilityhouse,CRT-2019-0052,HVC150-US1-3620-826,1,EVP-2001-70-P-0001,1,11/08/21 23:30:22,11/09/21 13:58:37,52095,47926,120.389,144.375,9.043116471226474,$0.00,,,,,
68,69,CR_Mobilityhouse,CRT-2019-0052,HVC150-US1-3520-484,1,EVP-2001-70-P-0001,1,11/09/21 02:25:46,11/09/21 07:50:53,19507,18457,9.561,143.33333333333334,1.8648534431381047,$0.00,,,,,
69,70,CR_Mobilityhouse,CRT-2019-0052,HVC150-US1-3520-484,1,EVP-2001-70-P-0001,1,11/09/21 10:19:46,11/09/21 14:01:53,13327,11657,74.162,142.5,22.903251265334134,$0.00,,,,,
70,71,CR_Mobilityhouse,CRT-2019-0052,HVC150-US1-3520-483,1,EVP-2001-70-P-0001,1,11/09/21 11:03:35,11/09/21 11:03:44,9,9,0.062,0.7375,24.8,$0.00,,,,,
71,72,CR_Mobilityhouse,CRT-2019-0052,HVC150-US1-3520-626,1,EVP-2001-70-P-0001,1,11/09/21 11:06:22,11/09/21 11:43:19,2217,2207,49.6,155.125,80.90620752152243,$0.00,,,,,
72,73,CR_Mobilityhouse,CRT-2019-0052,HVC150-US1-3820-199,1,EVP-2001-70-P-0001,1,11/09/21 11:19:26,11/09/21 12:33:52,4466,2196,81.086,143.75,132.927868852459,$0.00,,,,,
73,74,CR_Mobilityhouse,CRT-2019-0052,HVC150-US1-3620-827,1,EVP-2001-70-P-0001,1,11/09/21 12:33:03,11/09/21 13:50:12,4629,3769,4.549,142.61666666666667,4.345025205624834,$0.00,,,,,
74,75,CR_Mobilityhouse,CRT-2019-0052,HVC150-US1-3520-626,1,EVP-2001-70-P-0001,1,11/09/21 12:33:50,11/09/21 13:14:38,2448,848,23.483,130.46354166666669,99.69198113207548,$0.00,,,,,
75,76,CR_Mobilityhouse,CRT-2019-0052,HVC150-US1-3720-011,1,EVP-2001-70-P-0001,1,11/09/21 12:34:35,11/09/21 13:31:42,3427,227,6.133,104.025,97.26343612334803,$0.00,,,,,
76,77,CR_Mobilityhouse,CRT-2019-0052,HVC150-US1-3820-199,1,EVP-2001-70-P-0001,1,11/09/21 13:35:53,11/09/21 13:46:40,647,97,2.734,130.8125,101.46804123711341,$0.00,,,,,
77,78,CR_Mobilityhouse,CRT-2019-0052,HVC150-US1-3420-264,1,EVP-2001-70-P-0001,1,11/09/21 16:39:26,11/10/21 01:08:18,30532,29192,25.943,143.54166666666669,3.199328583173472,$0.00,,,,,
78,79,CR_Mobilityhouse,CRT-2019-0052,HVC150-US1-3520-484,1,EVP-2001-70-P-0001,1,11/09/21 16:39:56,11/09/21 23:20:20,24024,20414,13.183,143.75,2.3248163025374744,$0.00,,,,,
79,80,CR_Mobilityhouse,CRT-2019-0052,HVC150-US1-3720-012,1,EVP-2001-70-P-0001,1,11/09/21 18:40:17,11/10/21 05:09:52,37775,37515,38.533,143.95833333333334,3.6976889244302282,$0.00,,,,,
80,81,CR_Mobilityhouse,CRT-2019-0052,HVC150-US1-3820-199,1,EVP-2001-70-P-0001,1,11/09/21 22:27:38,11/10/21 05:35:14,25656,22796,112.579,145.20833333333334,17.77875065801018,$0.00,,,,,
81,82,CR_Mobilityhouse,CRT-2019-0052,HVC150-US1-3520-484,1,EVP-2001-70-P-0001,1,11/09/21 23:51:09,11/10/21 05:34:24,20595,19035,11.954,143.33333333333334,2.2608037825059104,$0.00,,,,,
82,83,CR_Mobilityhouse,CRT-2019-0052,HVC150-US1-3420-264,1,EVP-2001-70-P-0001,1,11/10/21 09:13:26,11/10/21 13:11:43,14297,13157,76.129,143.33333333333334,20.830310861138557,$0.00,,,,,
83,84,CR_Mobilityhouse,CRT-2019-0052,HVC150-US1-3720-012,1,EVP-2001-70-P-0001,1,11/10/21 09:17:48,11/10/21 13:13:17,14129,11149,119.708,143.54166666666669,38.65358328101175,$0.00,,,,,
84,85,CR_Mobilityhouse,CRT-2019-0052,HVC150-US1-3520-626,1,EVP-2001-70-P-0001,1,11/10/21 12:24:22,11/10/21 14:03:59,5977,5917,117.668,155.59583333333333,71.59114416089234,$0.00,,,,,
85,86,CR_Mobilityhouse,CRT-2019-0052,HVC150-US1-3720-011,1,EVP-2001-70-P-0001,1,11/10/21 13:11:18,11/10/21 14:45:07,5629,5629,203.411,154.64375,130.0905311778291,$0.00,,,,,
86,87,CR_Mobilityhouse,CRT-2019-0052,HVC150-US1-3720-011,1,EVP-2001-70-P-0001,1,11/10/21 15:30:53,11/10/21 15:31:32,39,39,0.453,90.065625,41.815384615384616,$0.00,,,,,
87,88,CR_Mobilityhouse,CRT-2019-0052,HVC150-US1-3620-827,1,EVP-2001-70-P-0001,1,11/11/21 00:10:43,11/11/21 09:47:49,34626,34616,99.643,144.79166666666669,10.362687774439564,$0.00,,,,,
88,89,CR_Mobilityhouse,CRT-2019-0052,HVC150-US1-3520-484,1,EVP-2001-70-P-0001,1,11/11/21 00:21:28,11/11/21 08:52:33,30665,28535,126.578,143.75,15.969188715612406,$0.00,,,,,
89,90,CR_Mobilityhouse,CRT-2019-0052,HVC150-US1-3420-264,1,EVP-2001-70-P-0001,1,11/11/21 09:43:42,11/11/21 13:13:49,12607,9187,61.367,143.95833333333334,24.047153586589747,$0.00,,,,,
90,91,CR_Mobilityhouse,CRT-2019-0052,HVC150-US1-3520-626,1,EVP-2001-70-P-0001,1,11/11/21 10:26:26,11/11/21 13:07:03,9637,9587,26.219,144.375,9.845457390215918,$0.00,,,,,
91,92,CR_Mobilityhouse,CRT-2019-0052,HVC150-US1-3720-011,1,EVP-2001-70-P-0001,1,11/11/21 10:27:36,11/11/21 11:09:13,2497,677,25.066,144.16666666666669,133.2903988183161,$0.00,,,,,
92,93,CR_Mobilityhouse,CRT-2019-0052,HVC150-US1-3520-483,1,EVP-2001-70-P-0001,1,11/11/21 18:10:36,11/11/21 20:13:01,7345,7345,279.864,155.22604166666667,137.16955752212388,$0.00,,,,,
93,94,CR_Mobilityhouse,CRT-2019-0052,HVC150-US1-3420-264,1,EVP-2001-70-P-0001,1,11/11/21 18:38:29,11/12/21 05:49:54,40285,36695,135.775,143.33333333333334,13.320343371031475,$0.00,,,,,
94,95,CR_Mobilityhouse,CRT-2019-0052,HVC150-US1-3720-012,1,EVP-2001-70-P-0001,1,11/11/21 21:09:29,11/12/21 00:12:45,10996,10986,132.806,142.5,43.5191698525396,$0.00,,,,,
95,96,CR_Mobilityhouse,CRT-2019-0052,HVC150-US1-3520-626,1,EVP-2001-70-P-0001,1,11/11/21 22:47:54,11/11/21 22:48:39,45,45,0.756,82.47916666666667,60.48,$0.00,,,,,
96,97,CR_Mobilityhouse,CRT-2019-0052,HVC150-US1-3620-827,1,EVP-2001-70-P-0001,1,11/11/21 23:43:09,11/12/21 06:53:25,25816,23276,108.026,143.95833333333334,16.70792232342327,$0.00,,,,,
97,98,CR_Mobilityhouse,CRT-2019-0052,HVC150-US1-3520-484,1,EVP-2001-70-P-0001,1,11/11/21 23:55:03,11/12/21 06:52:50,25067,24647,111.234,143.125,16.247105124355905,$0.00,,,,,
98,99,CR_Mobilityhouse,CRT-2019-0052,HVC150-US1-3720-012,1,EVP-2001-70-P-0001,1,11/12/21 00:43:34,11/12/21 05:01:31,15477,12387,11.636,143.125,3.381738919835311,$0.00,,,,,
99,100,CR_Mobilityhouse,CRT-2019-0052,HVC150-US1-3520-626,1,EVP-2001-70-P-0001,1,11/12/21 01:05:46,11/12/21 01:06:02,16,16,0.081,95.7125,18.225,$0.00,,,,,
100,101,CR_Mobilityhouse,CRT-2019-0052,HVC150-US1-3520-626,1,EVP-2001-70-P-0001,1,11/12/21 02:37:33,11/12/21 02:37:49,16,16,0.015,1.53125,3.375,$0.00,,,,,
101,102,CR_Mobilityhouse,CRT-2019-0052,HVC150-US1-3620-826,1,EVP-2001-70-P-0001,1,11/12/21 05:49:03,11/12/21 07:43:56,6893,6893,224.448,130.20833333333334,117.22222544610474,$0.00,,,,,
102,103,CR_Mobilityhouse,CRT-2019-0052,HVC150-US1-3520-626,1,EVP-2001-70-P-0001,1,11/12/21 06:26:36,11/12/21 06:26:52,16,16,0.086,92.625,19.349999999999998,$0.00,,,,,
103,104,CR_Mobilityhouse,CRT-2019-0052,HVC150-US1-3720-011,1,EVP-2001-70-P-0001,1,11/12/21 06:56:08,11/12/21 07:53:11,3423,3423,109.779,154.80416666666667,115.4555652936021,$0.00,,,,,
104,105,CR_Mobilityhouse,CRT-2019-0052,HVC150-US1-3620-826,1,EVP-2001-70-P-0001,1,11/12/21 08:14:43,11/12/21 13:37:39,19376,13696,28.223,143.54166666666669,7.418428738317758,$0.00,,,,,
105,106,CR_Mobilityhouse,CRT-2019-0052,HVC150-US1-3720-011,1,EVP-2001-70-P-0001,1,11/12/21 08:57:45,11/12/21 08:58:30,45,35,0.773,103.29166666666667,79.50857142857143,$0.00,,,,,
106,107,CR_Mobilityhouse,CRT-2019-0052,HVC150-US1-3720-011,1,EVP-2001-70-P-0001,1,11/12/21 10:29:53,11/12/21 10:30:50,57,57,0.817,93.91458333333334,51.599999999999994,$0.00,,,,,
107,108,CR_Mobilityhouse,CRT-2019-0052,HVC150-US1-3720-011,1,EVP-2001-70-P-0001,1,11/12/21 11:16:35,11/12/21 11:16:52,17,7,0.193,73.13020833333334,99.25714285714287,$0.00,,,,,
108,109,CR_Mobilityhouse,CRT-2019-0052,HVC150-US1-3420-264,1,EVP-2001-70-P-0001,1,11/12/21 11:39:25,11/12/21 13:29:12,6587,4797,159.572,134.375,119.75384615384614,$0.00,,,,,
109,110,CR_Mobilityhouse,CRT-2019-0052,HVC150-US1-3720-011,1,EVP-2001-70-P-0001,1,11/12/21 12:02:34,11/12/21 12:02:51,17,17,0.078,89.41666666666667,16.51764705882353,$0.00,,,,,
110,111,CR_Mobilityhouse,CRT-2019-0052,HVC150-US1-3720-011,1,EVP-2001-70-P-0001,1,11/12/21 12:48:38,11/12/21 12:48:56,18,18,0.08,88.52604166666667,16.0,$0.00,,,,,
111,112,CR_Mobilityhouse,CRT-2019-0052,HVC150-US1-3520-626,1,EVP-2001-70-P-0001,1,11/12/21 14:04:11,11/12/21 14:04:29,18,18,0.013,0.7645833333333334,2.6,$0.00,,,,,
112,113,CR_Mobilityhouse,CRT-2019-0052,HVC150-US1-3720-011,1,EVP-2001-70-P-0001,1,11/12/21 14:20:21,11/12/21 14:20:39,18,18,0.054,1.5291666666666668,10.8,$0.00,,,,,
113,114,CR_Mobilityhouse,CRT-2019-0052,HVC150-US1-3520-483,1,EVP-2001-70-P-0001,1,11/12/21 16:51:24,11/12/21 18:53:51,7347,7347,278.977,155.7791666666667,136.69759085340954,$0.00,,,,,
114,115,CR_Mobilityhouse,CRT-2019-0052,HVC150-US1-3520-484,1,EVP-2001-70-P-0001,1,11/12/21 17:39:41,11/12/21 19:20:38,6057,6047,132.363,143.95833333333334,78.80052918802713,$0.00,,,,,
115,116,CR_Mobilityhouse,CRT-2019-0052,HVC150-US1-3420-264,1,EVP-2001-70-P-0001,1,11/12/21 17:48:25,11/12/21 18:40:45,3140,3130,108.363,136.66666666666669,124.63476038338659,$0.00,,,,,
116,117,CR_Mobilityhouse,CRT-2019-0052,HVC150-US1-3520-484,1,EVP-2001-70-P-0001,1,11/12/21 19:25:11,11/13/21 08:07:16,45725,45705,22.813,143.75,1.7968887430259268,$0.00,,,,,
117,118,CR_Mobilityhouse,CRT-2019-0052,HVC150-US1-3420-264,1,EVP-2001-70-P-0001,1,11/12/21 19:25:47,11/13/21 00:29:23,18216,15876,27.429,144.375,6.219727891156462,$0.00,,,,,
118,119,CR_Mobilityhouse,CRT-2019-0052,HVC150-US1-3620-827,1,EVP-2001-70-P-0001,1,11/12/21 23:38:16,11/13/21 06:25:11,24415,21225,110.316,143.75,18.710840989399294,$0.00,,,,,
119,120,CR_Mobilityhouse,CRT-2019-0052,HVC150-US1-3820-199,1,EVP-2001-70-P-0001,1,11/13/21 07:23:18,11/13/21 11:11:05,13667,13657,147.453,143.95833333333334,38.86877059383467,$0.00,,,,,
120,121,CR_Mobilityhouse,CRT-2019-0052,HVC150-US1-3420-264,1,EVP-2001-70-P-0001,1,11/13/21 09:38:11,11/13/21 09:38:20,9,9,0.007,0.0,2.8000000000000003,$0.00,,,,,
121,122,CR_Mobilityhouse,CRT-2019-0052,HVC150-US1-3420-264,1,EVP-2001-70-P-0001,1,11/13/21 10:39:25,11/13/21 13:14:24,9299,8039,16.625,144.375,7.444955840278641,$0.00,,,,,
122,123,CR_Mobilityhouse,CRT-2019-0052,HVC150-US1-3720-012,1,EVP-2001-70-P-0001,1,11/13/21 13:16:39,11/13/21 15:01:37,6298,5158,167.719,133.125,117.05862737495153,$0.00,,,,,
123,124,CR_Mobilityhouse,CRT-2019-0052,HVC150-US1-3520-484,1,EVP-2001-70-P-0001,1,11/13/21 13:34:38,11/13/21 13:51:36,1018,938,13.928,143.75,53.45501066098081,$0.00,,,,,
124,125,CR_Mobilityhouse,CRT-2019-0052,HVC150-US1-3620-827,1,EVP-2001-70-P-0001,1,11/13/21 14:12:02,11/14/21 08:35:36,66214,65984,92.597,143.95833333333334,5.051970174587779,$0.00,,,,,
125,126,CR_Mobilityhouse,CRT-2019-0052,HVC150-US1-3520-483,1,EVP-2001-70-P-0001,1,11/13/21 14:58:07,11/13/21 16:24:16,5169,5149,145.248,155.4666666666667,101.55230141775101,$0.00,,,,,
126,127,CR_Mobilityhouse,CRT-2019-0052,HVC150-US1-3520-484,1,EVP-2001-70-P-0001,1,11/13/21 16:27:34,11/14/21 05:51:59,48265,47745,204.59,143.75,15.426201696512726,$0.00,,,,,
127,128,CR_Mobilityhouse,CRT-2019-0052,HVC150-US1-3420-264,1,EVP-2001-70-P-0001,1,11/13/21 23:26:57,11/14/21 06:10:53,24236,23406,106.949,143.125,16.44947449371956,$0.00,,,,,
128,129,CR_Mobilityhouse,CRT-2019-0052,HVC150-US1-3420-264,1,EVP-2001-70-P-0001,1,11/14/21 10:39:19,11/14/21 14:19:58,13239,12959,113.086,143.95833333333334,31.415201790261595,$0.00,,,,,
129,130,CR_Mobilityhouse,CRT-2019-0052,HVC150-US1-3720-012,1,EVP-2001-70-P-0001,1,11/14/21 11:54:34,11/14/21 14:18:04,8610,3970,131.378,136.66666666666669,119.13370277078083,$0.00,,,,,
130,131,CR_Mobilityhouse,CRT-2019-0052,HVC150-US1-3520-626,1,EVP-2001-70-P-0001,1,11/14/21 16:14:42,11/14/21 16:15:50,68,58,2.13,154.9375,132.20689655172413,$0.00,,,,,
131,132,CR_Mobilityhouse,CRT-2019-0052,HVC150-US1-3520-626,1,EVP-2001-70-P-0001,1,11/14/21 17:01:37,11/14/21 18:29:55,5298,5288,193.321,155.65104166666669,131.61036308623298,$0.00,,,,,
132,133,CR_Mobilityhouse,CRT-2019-0052,HVC150-US1-3520-626,1,EVP-2001-70-P-0001,1,11/14/21 19:15:41,11/14/21 19:17:59,138,138,2.727,104.0625,71.1391304347826,$0.00,,,,,
133,134,CR_Mobilityhouse,CRT-2019-0052,HVC150-US1-3520-626,1,EVP-2001-70-P-0001,1,11/14/21 20:03:44,11/14/21 20:04:29,45,45,0.69,94.8125,55.199999999999996,$0.00,,,,,
134,135,CR_Mobilityhouse,CRT-2019-0052,HVC150-US1-3520-626,1,EVP-2001-70-P-0001,1,11/14/21 20:50:20,11/14/21 20:50:46,26,26,0.432,83.25,59.815384615384616,$0.00,,,,,
135,136,CR_Mobilityhouse,CRT-2019-0052,HVC150-US1-3520-626,1,EVP-2001-70-P-0001,1,11/14/21 22:59:28,11/14/21 23:13:54,866,866,17.725,152.5666666666667,73.6836027713626,$0.00,,,,,
136,137,CR_Mobilityhouse,CRT-2019-0052,HVC150-US1-3620-826,1,EVP-2001-70-P-0001,1,11/15/21 00:00:12,11/15/21 05:53:18,21186,19536,256.686,143.75,47.300859950859945,$0.00,,,,,
137,138,CR_Mobilityhouse,CRT-2019-0052,HVC150-US1-3620-827,1,EVP-2001-70-P-0001,1,11/15/21 04:41:10,11/15/21 05:54:17,4387,3367,123.797,145.41666666666669,132.36388476388476,$0.00,,,,,
138,139,CR_Mobilityhouse,CRT-2019-0052,HVC150-US1-3520-483,1,EVP-2001-70-P-0001,1,11/15/21 14:02:06,11/15/21 15:21:42,4776,4776,139.082,155.66145833333334,104.83567839195979,$0.00,,,,,
139,140,CR_Mobilityhouse,CRT-2019-0052,HVC150-US1-3520-484,1,EVP-2001-70-P-0001,1,11/15/21 17:18:09,11/15/21 18:26:05,4076,4066,133.53,134.58333333333334,118.22626660108216,$0.00,,,,,
140,141,CR_Mobilityhouse,CRT-2019-0052,HVC150-US1-3520-484,1,EVP-2001-70-P-0001,1,11/15/21 18:56:54,11/16/21 05:19:19,37345,35965,18.087,143.125,1.8104601696093425,$0.00,,,,,
141,142,CR_Mobilityhouse,CRT-2019-0052,HVC150-US1-3620-827,1,EVP-2001-70-P-0001,1,11/16/21 10:37:44,11/16/21 15:56:51,19147,18737,15.629,143.95833333333334,3.0028499759833487,$0.00,,,,,
142,143,CR_Mobilityhouse,CRT-2019-0052,HVC150-US1-3520-484,1,EVP-2001-70-P-0001,1,11/16/21 11:07:35,11/16/21 11:49:17,2502,1955,69.495,141.04166666666669,127.97033248081843,$0.00,,,,,
143,144,CR_Mobilityhouse,CRT-2019-0052,HVC150-US1-3520-484,1,EVP-2001-70-P-0001,1,11/16/21 11:55:22,11/16/21 11:55:48,26,16,0.213,143.33333333333334,47.925,$0.00,,,,,
144,145,CR_Mobilityhouse,CRT-2019-0052,HVC150-US1-3520-484,1,EVP-2001-70-P-0001,1,11/16/21 12:01:21,11/16/21 12:22:37,1276,1276,0.069,0.0,0.19467084639498436,$0.00,,,,,
145,146,CR_Mobilityhouse,CRT-2019-0052,HVC150-US1-3520-626,1,EVP-2001-70-P-0001,1,11/16/21 16:16:21,11/16/21 17:10:58,3277,3267,110.215,155.66145833333334,121.44903581267218,$0.00,,,,,
146,147,CR_Mobilityhouse,CRT-2019-0052,HVC150-US1-3620-827,1,EVP-2001-70-P-0001,1,11/16/21 17:18:46,11/17/21 06:18:31,46785,43285,137.54,143.33333333333334,11.439159062030726,$0.00,,,,,
147,148,CR_Mobilityhouse,CRT-2019-0052,HVC150-US1-3520-626,1,EVP-2001-70-P-0001,1,11/16/21 17:56:42,11/16/21 17:57:50,68,68,1.219,103.29166666666667,64.53529411764706,$0.00,,,,,
148,149,CR_Mobilityhouse,CRT-2019-0052,HVC150-US1-3520-483,1,EVP-2001-70-P-0001,1,11/16/21 18:03:25,11/16/21 18:56:26,3181,3181,104.672,155.68125,118.45935240490411,$0.00,,,,,
149,150,CR_Mobilityhouse,CRT-2019-0052,HVC150-US1-3420-264,1,EVP-2001-70-P-0001,1,11/16/21 18:40:30,11/17/21 01:07:44,23234,23214,41.839,144.16666666666669,6.488343241147583,$0.00,,,,,
150,151,CR_Mobilityhouse,CRT-2019-0052,HVC150-US1-3520-626,1,EVP-2001-70-P-0001,1,11/16/21 18:43:36,11/16/21 18:44:34,58,58,1.057,111.0,65.60689655172413,$0.00,,,,,
151,152,CR_Mobilityhouse,CRT-2019-0052,HVC150-US1-3520-626,1,EVP-2001-70-P-0001,1,11/16/21 20:15:59,11/16/21 20:17:15,76,76,1.582,96.22395833333334,74.93684210526315,$0.00,,,,,
152,153,CR_Mobilityhouse,CRT-2019-0052,HVC150-US1-3620-826,1,EVP-2001-70-P-0001,1,11/16/21 20:34:30,11/17/21 05:15:46,31276,29266,173.544,143.75,21.34758422743115,$0.00,,,,,
153,154,CR_Mobilityhouse,CRT-2019-0052,HVC150-US1-3520-484,1,EVP-2001-70-P-0001,1,11/16/21 21:16:16,11/16/21 22:35:29,4753,1383,51.684,143.75,134.5353579175705,$0.00,,,,,
154,155,CR_Mobilityhouse,CRT-2019-0052,HVC150-US1-3520-626,1,EVP-2001-70-P-0001,1,11/16/21 21:49:16,11/16/21 21:57:52,516,516,10.364,96.35416666666667,72.30697674418606,$0.00,,,,,
155,156,CR_Mobilityhouse,CRT-2019-0052,HVC150-US1-3520-484,1,EVP-2001-70-P-0001,1,11/16/21 22:46:21,11/17/21 05:04:17,22676,20296,192.141,143.33333333333334,34.0809814741821,$0.00,,,,,
156,157,CR_Mobilityhouse,CRT-2019-0052,HVC150-US1-3720-012,1,EVP-2001-70-P-0001,1,11/16/21 23:38:07,11/17/21 06:19:23,24076,24066,96.534,145.625,14.440388930441287,$0.00,,,,,
157,158,CR_Mobilityhouse,CRT-2019-0052,HVC150-US1-3420-264,1,EVP-2001-70-P-0001,1,11/17/21 01:38:24,11/17/21 01:53:01,877,37,0.767,143.54166666666669,74.62702702702703,$0.00,,,,,
158,159,CR_Mobilityhouse,CRT-2019-0052,HVC150-US1-3420-264,1,EVP-2001-70-P-0001,1,11/17/21 02:23:43,11/17/21 02:37:51,848,38,0.931,143.33333333333334,88.2,$0.00,,,,,
159,160,CR_Mobilityhouse,CRT-2019-0052,HVC150-US1-3520-626,1,EVP-2001-70-P-0001,1,11/17/21 02:32:11,11/17/21 02:32:27,16,6,0.014,0.7635416666666668,8.4,$0.00,,,,,
160,161,CR_Mobilityhouse,CRT-2019-0052,HVC150-US1-3420-264,1,EVP-2001-70-P-0001,1,11/17/21 03:08:35,11/17/21 03:13:02,267,37,0.845,142.61666666666667,82.21621621621621,$0.00,,,,,
161,162,CR_Mobilityhouse,CRT-2019-0052,HVC150-US1-3420-264,1,EVP-2001-70-P-0001,1,11/17/21 03:43:44,11/17/21 03:53:21,577,27,0.701,142.82395833333334,93.46666666666667,$0.00,,,,,
162,163,CR_Mobilityhouse,CRT-2019-0052,HVC150-US1-3520-626,1,EVP-2001-70-P-0001,1,11/17/21 04:49:40,11/17/21 04:49:56,16,16,0.029,1.5291666666666668,6.525,$0.00,,,,,
163,164,CR_Mobilityhouse,CRT-2019-0052,HVC150-US1-3420-264,1,EVP-2001-70-P-0001,1,11/17/21 04:55:51,11/17/21 05:03:49,478,128,4.487,143.54166666666669,126.196875,$0.00,,,,,
164,165,CR_Mobilityhouse,CRT-2019-0052,HVC150-US1-3520-626,1,EVP-2001-70-P-0001,1,11/17/21 05:55:17,11/17/21 13:10:34,26117,24087,47.302,144.79166666666669,7.069672437414373,$0.00,,,,,
165,166,CR_Mobilityhouse,CRT-2019-0052,HVC150-US1-3420-264,1,EVP-2001-70-P-0001,1,11/17/21 12:33:06,11/18/21 05:39:36,61590,58180,67.445,144.79166666666669,4.173289790305947,$0.00,,,,,
166,167,CR_Mobilityhouse,CRT-2019-0052,HVC150-US1-3620-827,1,EVP-2001-70-P-0001,1,11/17/21 17:13:41,11/18/21 05:36:26,44565,41125,108.537,144.375,9.501111246200608,$0.00,,,,,
167,168,CR_Mobilityhouse,CRT-2019-0052,HVC150-US1-3520-483,1,EVP-2001-70-P-0001,1,11/17/21 18:52:06,11/17/21 21:10:38,8312,8302,188.97,154.646875,81.94314622982414,$0.00,,,,,
168,169,CR_Mobilityhouse,CRT-2019-0052,HVC150-US1-3720-012,1,EVP-2001-70-P-0001,1,11/17/21 19:04:35,11/17/21 19:06:06,91,91,2.589,130.83333333333334,102.42197802197802,$0.00,,,,,
169,170,CR_Mobilityhouse,CRT-2019-0052,HVC150-US1-3720-012,1,EVP-2001-70-P-0001,1,11/17/21 19:40:57,11/17/21 19:42:32,95,0,3.1,131.04166666666669,0.0,$0.00,,,,,
170,171,CR_Mobilityhouse,CRT-2019-0052,HVC150-US1-3720-011,1,EVP-2001-70-P-0001,1,11/17/21 21:11:40,11/18/21 05:00:43,28143,23363,162.992,143.125,25.115404699738903,$0.00,,,,,
171,172,CR_Mobilityhouse,CRT-2019-0052,HVC150-US1-3720-012,1,EVP-2001-70-P-0001,1,11/17/21 22:32:27,11/18/21 05:37:13,25486,25306,148.109,143.54166666666669,21.069801628072394,$0.00,,,,,
172,173,CR_Mobilityhouse,CRT-2019-0052,HVC150-US1-3520-484,1,EVP-2001-70-P-0001,1,11/18/21 05:24:41,11/18/21 07:44:46,8405,3705,130.053,139.375,126.3672874493927,$0.00,,,,,
173,174,CR_Mobilityhouse,CRT-2019-0052,HVC150-US1-3420-264,1,EVP-2001-70-P-0001,1,11/18/21 14:02:44,11/18/21 16:21:11,8307,8257,37.32,144.375,16.271284970328207,$0.00,,,,,
174,175,CR_Mobilityhouse,CRT-2019-0052,HVC150-US1-3520-626,1,EVP-2001-70-P-0001,1,11/18/21 15:53:51,11/18/21 16:45:47,3116,3106,100.11,155.63333333333335,116.032195750161,$0.00,,,,,
175,176,CR_Mobilityhouse,CRT-2019-0052,HVC150-US1-3520-484,1,EVP-2001-70-P-0001,1,11/18/21 16:31:45,11/19/21 06:34:19,50554,48724,141.954,143.54166666666669,10.488350710122322,$0.00,,,,,
176,177,CR_Mobilityhouse,CRT-2019-0052,HVC150-US1-3720-011,1,EVP-2001-70-P-0001,1,11/18/21 16:32:26,11/18/21 18:42:02,7776,7496,252.581,154.92708333333334,121.30357524012807,$0.00,,,,,
177,178,CR_Mobilityhouse,CRT-2019-0052,HVC150-US1-3420-264,1,EVP-2001-70-P-0001,1,11/18/21 16:44:35,11/18/21 22:12:00,19645,16335,150.171,144.375,33.095537190082645,$0.00,,,,,
178,179,CR_Mobilityhouse,CRT-2019-0052,HVC150-US1-3620-827,1,EVP-2001-70-P-0001,1,11/18/21 17:24:56,11/19/21 06:45:51,48055,47625,131.147,143.75,9.913474015748031,$0.00,,,,,
179,180,CR_Mobilityhouse,CRT-2019-0052,HVC150-US1-3520-626,1,EVP-2001-70-P-0001,1,11/18/21 18:17:15,11/18/21 18:17:52,37,27,0.414,83.3625,55.199999999999996,$0.00,,,,,
180,181,CR_Mobilityhouse,CRT-2019-0052,HVC150-US1-3620-826,1,EVP-2001-70-P-0001,1,11/18/21 20:19:25,11/19/21 06:44:59,37534,36764,83.535,144.375,8.17990425416168,$0.00,,,,,
181,182,CR_Mobilityhouse,CRT-2019-0052,HVC150-US1-3520-626,1,EVP-2001-70-P-0001,1,11/19/21 07:04:38,11/19/21 08:10:05,3927,3927,135.081,155.4666666666667,123.83284950343771,$0.00,,,,,
182,183,CR_Mobilityhouse,CRT-2019-0052,HVC150-US1-3720-011,1,EVP-2001-70-P-0001,1,11/19/21 08:31:36,11/19/21 11:24:33,10377,10287,288.147,154.66875,100.83884514435695,$0.00,,,,,
183,184,CR_Mobilityhouse,CRT-2019-0052,HVC150-US1-3520-626,1,EVP-2001-70-P-0001,1,11/19/21 08:55:54,11/19/21 08:56:21,27,27,0.325,99.571875,43.333333333333336,$0.00,,,,,
184,185,CR_Mobilityhouse,CRT-2019-0052,HVC150-US1-3420-264,1,EVP-2001-70-P-0001,1,11/19/21 09:35:11,11/19/21 13:07:30,12739,11929,143.9,144.16666666666669,43.42694274457205,$0.00,,,,,
185,186,CR_Mobilityhouse,CRT-2019-0052,HVC150-US1-3720-012,1,EVP-2001-70-P-0001,1,11/19/21 09:37:39,11/19/21 14:13:28,16549,15739,97.318,144.375,22.259660715420292,$0.00,,,,,
186,187,CR_Mobilityhouse,CRT-2019-0052,HVC150-US1-3520-626,1,EVP-2001-70-P-0001,1,11/19/21 09:42:08,11/19/21 09:42:55,47,37,0.706,93.27083333333334,68.69189189189188,$0.00,,,,,
187,188,CR_Mobilityhouse,CRT-2019-0052,HVC150-US1-3420-264,1,EVP-2001-70-P-0001,1,11/19/21 13:17:50,11/19/21 14:12:50,3300,2250,3.052,142.61666666666667,4.8831999999999995,$0.00,,,,,
188,189,CR_Mobilityhouse,CRT-2019-0052,HVC150-US1-3520-484,1,EVP-2001-70-P-0001,1,11/19/21 13:22:38,11/19/21 14:40:45,4687,4327,148.62,136.04166666666669,123.64964178414607,$0.00,,,,,
189,190,CR_Mobilityhouse,CRT-2019-0052,HVC150-US1-3620-827,1,EVP-2001-70-P-0001,1,11/19/21 13:43:03,11/19/21 17:40:42,14259,14249,95.808,143.95833333333334,24.20582497017335,$0.00,,,,,
190,191,CR_Mobilityhouse,CRT-2019-0052,HVC150-US1-3520-484,1,EVP-2001-70-P-0001,1,11/19/21 15:11:25,11/20/21 01:06:10,35685,34735,6.418,143.33333333333334,0.6651734561681302,$0.00,,,,,
191,192,CR_Mobilityhouse,CRT-2019-0052,HVC150-US1-3420-264,1,EVP-2001-70-P-0001,1,11/19/21 16:30:31,11/19/21 18:12:51,6140,4680,9.376,144.16666666666669,7.212307692307691,$0.00,,,,,
192,193,CR_Mobilityhouse,CRT-2019-0052,HVC150-US1-3720-012,1,EVP-2001-70-P-0001,1,11/19/21 16:40:11,11/19/21 18:17:02,5811,4151,138.081,135.20833333333334,119.7522524692845,$0.00,,,,,
193,194,CR_Mobilityhouse,CRT-2019-0052,HVC150-US1-3620-826,1,EVP-2001-70-P-0001,1,11/19/21 16:45:50,11/19/21 18:52:18,7588,7578,193.539,144.58333333333334,91.94251781472684,$0.00,,,,,
194,195,CR_Mobilityhouse,CRT-2019-0052,HVC150-US1-3620-827,1,EVP-2001-70-P-0001,1,11/19/21 18:11:21,11/20/21 01:06:36,24915,24765,74.434,143.75,10.820205935796485,$0.00,,,,,
195,196,CR_Mobilityhouse,CRT-2019-0052,HVC150-US1-3620-826,1,EVP-2001-70-P-0001,1,11/19/21 19:22:57,11/20/21 01:07:12,20655,18675,23.598,144.58333333333334,4.549012048192771,$0.00,,,,,
196,197,CR_Mobilityhouse,CRT-2019-0052,HVC150-US1-3420-264,1,EVP-2001-70-P-0001,1,11/19/21 23:29:24,11/20/21 13:23:20,50036,28906,209.76,143.54166666666669,26.123849719781358,$0.00,,,,,
197,198,CR_Mobilityhouse,CRT-2019-0052,HVC150-US1-3520-484,1,EVP-2001-70-P-0001,1,11/20/21 01:08:14,11/20/21 04:41:50,12816,10016,5.289,143.33333333333334,1.9009984025559106,$0.00,,,,,
198,199,CR_Mobilityhouse,CRT-2019-0052,HVC150-US1-3620-826,1,EVP-2001-70-P-0001,1,11/20/21 01:09:08,11/20/21 08:01:14,24726,23316,18.38,143.54166666666669,2.837879567678847,$0.00,,,,,
199,200,CR_Mobilityhouse,CRT-2019-0052,HVC150-US1-3720-012,1,EVP-2001-70-P-0001,1,11/20/21 01:12:27,11/20/21 02:09:14,3407,3407,113.936,132.5,120.39025535661872,$0.00,,,,,
200,201,CR_Mobilityhouse,CRT-2019-0052,HVC150-US1-3720-012,1,EVP-2001-70-P-0001,1,11/20/21 02:40:01,11/20/21 13:24:58,38697,2857,85.742,140.83333333333334,108.0403220161008,$0.00,,,,,
201,202,CR_Mobilityhouse,CRT-2019-0052,HVC150-US1-3620-827,1,EVP-2001-70-P-0001,1,11/20/21 16:17:48,11/21/21 05:22:13,47065,46025,131.471,143.54166666666669,10.283445953286257,$0.00,,,,,
202,203,CR_Mobilityhouse,CRT-2019-0052,HVC150-US1-3620-826,1,EVP-2001-70-P-0001,1,11/20/21 17:28:08,11/21/21 05:18:23,42615,41575,73.684,145.625,6.380334335538184,$0.00,,,,,
203,204,CR_Mobilityhouse,CRT-2019-0052,HVC150-US1-3720-012,1,EVP-2001-70-P-0001,1,11/21/21 05:23:10,11/21/21 08:42:38,11968,11968,153.06,48.43854166666667,46.04077540106952,$0.00,,,,,
204,205,CR_Mobilityhouse,CRT-2019-0052,HVC150-US1-3520-483,1,EVP-2001-70-P-0001,1,11/21/21 12:11:52,11/21/21 12:15:31,219,219,1.558,47.97916666666667,25.610958904109587,$0.00,,,,,
205,206,CR_Mobilityhouse,CRT-2019-0052,HVC150-US1-3520-626,1,EVP-2001-70-P-0001,1,11/21/21 12:12:34,11/21/21 16:39:02,15988,15978,179.451,155.421875,40.43206909500563,$0.00,,,,,
206,207,CR_Mobilityhouse,CRT-2019-0052,HVC150-US1-3620-827,1,EVP-2001-70-P-0001,1,11/21/21 13:24:40,11/22/21 05:40:54,58574,57124,31.138,143.54166666666669,1.9623415727189972,$0.00,,,,,
207,208,CR_Mobilityhouse,CRT-2019-0052,HVC150-US1-3720-012,1,EVP-2001-70-P-0001,1,11/21/21 17:14:31,11/21/21 18:58:22,6231,6111,83.451,143.75,49.16111929307805,$0.00,,,,,
208,209,CR_Mobilityhouse,CRT-2019-0052,HVC150-US1-3520-626,1,EVP-2001-70-P-0001,1,11/21/21 17:24:42,11/21/21 17:25:20,38,38,0.54,101.8875,51.1578947368421,$0.00,,,,,
209,210,CR_Mobilityhouse,CRT-2019-0052,HVC150-US1-3620-826,1,EVP-2001-70-P-0001,1,11/21/21 18:18:30,11/21/21 18:38:38,1208,1208,43.784,140.0,130.482119205298,$0.00,,,,,
210,211,CR_Mobilityhouse,CRT-2019-0052,HVC150-US1-3520-626,1,EVP-2001-70-P-0001,1,11/21/21 18:57:14,11/21/21 18:58:32,78,68,1.439,90.1875,76.18235294117646,$0.00,,,,,
211,212,CR_Mobilityhouse,CRT-2019-0052,HVC150-US1-3720-012,1,EVP-2001-70-P-0001,1,11/21/21 19:26:06,11/21/21 22:17:11,10265,7455,6.434,143.95833333333334,3.1069617706237427,$0.00,,,,,
212,213,CR_Mobilityhouse,CRT-2019-0052,HVC150-US1-3520-626,1,EVP-2001-70-P-0001,1,11/21/21 21:15:36,11/21/21 21:16:22,46,46,0.651,87.10416666666667,50.947826086956525,$0.00,,,,,
213,214,CR_Mobilityhouse,CRT-2019-0052,HVC150-US1-3520-626,1,EVP-2001-70-P-0001,1,11/21/21 22:47:48,11/21/21 22:48:33,45,45,0.34,24.533333333333335,27.2,$0.00,,,,,
214,215,CR_Mobilityhouse,CRT-2019-0052,HVC150-US1-3520-626,1,EVP-2001-70-P-0001,1,11/21/21 23:34:19,11/21/21 23:34:35,16,16,0.07,1.53125,15.750000000000002,$0.00,,,,,
215,216,CR_Mobilityhouse,CRT-2019-0052,HVC150-US1-3520-626,1,EVP-2001-70-P-0001,1,11/22/21 00:20:32,11/22/21 00:20:58,26,16,0.073,23.76666666666667,16.425,$0.00,,,,,
216,217,CR_Mobilityhouse,CRT-2019-0052,HVC150-US1-3520-626,1,EVP-2001-70-P-0001,1,11/22/21 01:52:49,11/22/21 01:53:15,26,26,0.102,24.533333333333335,14.123076923076924,$0.00,,,,,
217,218,CR_Mobilityhouse,CRT-2019-0052,HVC150-US1-3520-626,1,EVP-2001-70-P-0001,1,11/22/21 03:24:50,11/22/21 03:25:07,17,17,0.039,1.5291666666666668,8.258823529411766,$0.00,,,,,
218,219,CR_Mobilityhouse,CRT-2019-0052,HVC150-US1-3520-626,1,EVP-2001-70-P-0001,1,11/22/21 04:56:41,11/22/21 04:56:57,16,16,0.029,1.5291666666666668,6.525,$0.00,,,,,
219,220,CR_Mobilityhouse,CRT-2019-0052,HVC150-US1-3620-826,1,EVP-2001-70-P-0001,1,11/22/21 05:44:02,11/22/21 05:44:09,7,7,0.012,1.2479166666666668,6.171428571428572,$0.00,,,,,
220,221,CR_Mobilityhouse,CRT-2019-0052,HVC150-US1-3620-827,1,EVP-2001-70-P-0001,1,11/22/21 14:12:36,11/22/21 22:56:11,31415,30945,20.056,143.75,2.333223460979157,$0.00,,,,,
221,222,CR_Mobilityhouse,CRT-2019-0052,HVC150-US1-3620-826,1,EVP-2001-70-P-0001,1,11/22/21 14:19:39,11/22/21 22:56:44,31025,30065,18.178,143.95833333333334,2.1766439381340428,$0.00,,,,,
222,223,CR_Mobilityhouse,CRT-2019-0052,HVC150-US1-3820-199,1,EVP-2001-70-P-0001,1,11/22/21 23:32:48,11/23/21 05:40:25,22057,15207,148.514,70.16875,35.15817715525745,$0.00,,,,,
223,224,CR_Mobilityhouse,CRT-2019-0052,HVC150-US1-3720-012,1,EVP-2001-70-P-0001,1,11/23/21 06:07:29,11/23/21 06:42:47,2118,2118,26.924,48.37083333333334,45.76317280453257,$0.00,,,,,
224,225,CR_Mobilityhouse,CRT-2019-0052,HVC150-US1-3720-012,1,EVP-2001-70-P-0001,1,11/23/21 09:24:44,11/23/21 15:37:53,22389,22379,7.447,1.2770833333333336,1.1979623754412618,$0.00,,,,,
225,226,CR_Mobilityhouse,CRT-2019-0052,HVC150-US1-3620-827,1,EVP-2001-70-P-0001,1,11/23/21 18:14:30,11/23/21 19:11:30,3420,3420,102.506,132.29166666666669,107.90105263157895,$0.00,,,,,
226,227,CR_Mobilityhouse,CRT-2019-0052,HVC150-US1-3620-827,1,EVP-2001-70-P-0001,1,11/23/21 19:42:10,11/23/21 22:14:55,9165,9145,61.056,144.58333333333334,24.035166757791142,$0.00,,,,,
227,228,CR_Mobilityhouse,CRT-2019-0052,HVC150-US1-3520-626,1,EVP-2001-70-P-0001,1,11/23/21 23:33:46,11/24/21 05:20:52,20826,18486,136.834,48.40833333333334,26.64732229795521,$0.00,,,,,
228,229,CR_Mobilityhouse,CRT-2019-0052,HVC150-US1-3720-012,1,EVP-2001-70-P-0001,1,11/24/21 08:53:59,11/24/21 13:34:28,16829,15859,204.471,143.75,46.41500725140299,$0.00,,,,,
229,230,CR_Mobilityhouse,CRT-2019-0052,HVC150-US1-3520-626,1,EVP-2001-70-P-0001,1,11/24/21 13:50:54,11/24/21 14:00:32,578,568,23.081,155.35833333333335,146.28802816901407,$0.00,,,,,
230,231,CR_Mobilityhouse,CRT-2019-0052,HVC150-US1-3620-827,1,EVP-2001-70-P-0001,1,11/24/21 14:00:40,11/25/21 08:41:54,67274,64254,8.83,135.646875,0.49472406387150997,$0.00,,,,,
231,232,CR_Mobilityhouse,CRT-2019-0052,HVC150-US1-3520-626,1,EVP-2001-70-P-0001,1,11/24/21 14:01:22,11/24/21 14:41:19,2397,2387,77.915,132.29166666666669,117.50900712191036,$0.00,,,,,
232,233,CR_Mobilityhouse,CRT-2019-0052,HVC150-US1-3620-826,1,EVP-2001-70-P-0001,1,11/24/21 14:06:41,11/26/21 13:29:24,170563,167463,157.998,145.0,3.396528188316225,$0.00,,,,,
233,234,CR_Mobilityhouse,CRT-2019-0052,HVC150-US1-3520-626,1,EVP-2001-70-P-0001,1,11/24/21 14:42:10,11/24/21 15:20:28,2298,2298,59.161,128.03333333333333,92.68041775456919,$0.00,,,,,
234,235,CR_Mobilityhouse,CRT-2019-0052,HVC150-US1-3720-012,1,EVP-2001-70-P-0001,1,11/24/21 15:24:18,11/24/21 15:43:49,1171,1171,25.758,121.734375,79.18770281810419,$0.00,,,,,
235,236,CR_Mobilityhouse,CRT-2019-0052,HVC150-US1-3520-626,1,EVP-2001-70-P-0001,1,11/24/21 15:57:20,11/26/21 18:07:12,180592,177592,123.748,144.58333333333334,2.5085184017298077,$0.00,,,,,
236,237,CR_Mobilityhouse,CRT-2019-0052,HVC150-US1-3720-012,1,EVP-2001-70-P-0001,1,11/24/21 16:21:20,11/24/21 16:24:32,192,22,5.967,136.04166666666669,976.4181818181818,$0.00,,,,,
237,238,CR_Mobilityhouse,CRT-2019-0052,HVC150-US1-3720-012,1,EVP-2001-70-P-0001,1,11/24/21 16:36:58,11/25/21 05:14:02,45424,40634,123.071,143.54166666666669,10.903568440222474,$0.00,,,,,
238,239,CR_Mobilityhouse,CRT-2019-0052,HVC150-US1-3520-484,1,EVP-2001-70-P-0001,1,11/24/21 22:37:55,11/25/21 10:12:30,41675,36645,138.279,136.45833333333334,13.584510847318871,$0.00,,,,,
239,240,CR_Mobilityhouse,CRT-2019-0052,HVC150-US1-3820-199,1,EVP-2001-70-P-0001,1,11/25/21 00:36:08,11/25/21 10:14:07,34679,32946,114.362,135.125,12.496303041340374,$0.00,,,,,
240,241,CR_Mobilityhouse,CRT-2019-0052,HVC150-US1-3620-827,1,EVP-2001-70-P-0001,1,11/25/21 13:43:58,11/26/21 08:04:53,66055,64565,119.156,143.54166666666669,6.643872066909316,$0.00,,,,,
241,242,CR_Mobilityhouse,CRT-2019-0052,HVC150-US1-3820-199,1,EVP-2001-70-P-0001,1,11/25/21 15:19:06,11/26/21 06:23:41,54275,46785,157.86,143.75,12.146970182750882,$0.00,,,,,
242,243,CR_Mobilityhouse,CRT-2019-0052,HVC150-US1-3520-484,1,EVP-2001-70-P-0001,1,11/25/21 16:18:22,11/25/21 16:47:30,1748,1748,62.695,139.16666666666669,129.12013729977116,$0.00,,,,,
243,244,CR_Mobilityhouse,CRT-2019-0052,HVC150-US1-3520-484,1,EVP-2001-70-P-0001,1,11/25/21 17:18:11,11/26/21 00:00:56,24165,21525,44.553,145.625,7.451372822299652,$0.00,,,,,
244,245,CR_Mobilityhouse,CRT-2019-0052,HVC150-US1-3720-012,1,EVP-2001-70-P-0001,1,11/25/21 20:19:57,11/26/21 01:27:02,18425,2975,109.737,144.375,132.79099159663866,$0.00,,,,,
245,246,CR_Mobilityhouse,CRT-2019-0052,HVC150-US1-3520-484,1,EVP-2001-70-P-0001,1,11/26/21 00:03:03,11/26/21 06:22:39,22776,22536,9.764,135.45,1.5597444089456867,$0.00,,,,,
246,247,CR_Mobilityhouse,CRT-2019-0052,HVC150-US1-3720-011,1,EVP-2001-70-P-0001,1,11/26/21 06:34:04,11/26/21 06:36:31,147,137,4.58,132.70833333333334,120.35036496350367,$0.00,,,,,
247,248,CR_Mobilityhouse,CRT-2019-0052,HVC150-US1-3720-012,1,EVP-2001-70-P-0001,1,11/26/21 09:12:14,11/26/21 14:11:13,17939,16819,165.529,142.20208333333335,35.43042987097925,$0.00,,,,,
248,249,CR_Mobilityhouse,CRT-2019-0052,HVC150-US1-3520-484,1,EVP-2001-70-P-0001,1,11/26/21 16:10:25,11/27/21 16:37:50,88045,84425,219.285,143.125,9.350618892508143,$0.00,,,,,
249,250,CR_Mobilityhouse,CRT-2019-0052,HVC150-US1-3520-626,1,EVP-2001-70-P-0001,1,11/26/21 18:10:50,11/26/21 18:15:08,258,258,4.557,90.7125,63.58604651162791,$0.00,,,,,
250,251,CR_Mobilityhouse,CRT-2019-0052,HVC150-US1-3620-826,1,EVP-2001-70-P-0001,1,11/26/21 18:14:31,11/27/21 08:53:46,52755,51215,42.577,143.95833333333334,2.992818510202089,$0.00,,,,,
251,252,CR_Mobilityhouse,CRT-2019-0052,HVC150-US1-3620-827,1,EVP-2001-70-P-0001,1,11/26/21 18:19:08,11/26/21 19:06:38,2850,2850,88.359,131.45833333333334,111.61136842105262,$0.00,,,,,
252,253,CR_Mobilityhouse,CRT-2019-0052,HVC150-US1-3520-626,1,EVP-2001-70-P-0001,1,11/26/21 18:37:56,11/27/21 04:48:41,36645,34115,18.139,143.54166666666669,1.9141257511358638,$0.00,,,,,
253,254,CR_Mobilityhouse,CRT-2019-0052,HVC150-US1-3620-827,1,EVP-2001-70-P-0001,1,11/26/21 19:37:22,11/26/21 22:10:07,9165,2705,83.674,138.33333333333334,111.35911275415899,$0.00,,,,,
254,255,CR_Mobilityhouse,CRT-2019-0052,HVC150-US1-3720-012,1,EVP-2001-70-P-0001,1,11/26/21 22:27:30,11/26/21 23:14:06,2796,2796,87.269,132.70833333333334,112.36351931330472,$0.00,,,,,
255,256,CR_Mobilityhouse,CRT-2019-0052,HVC150-US1-3820-199,1,EVP-2001-70-P-0001,1,11/26/21 23:29:57,11/28/21 03:07:49,99472,95542,171.14,143.95833333333334,6.448514789307319,$0.00,,,,,
256,257,CR_Mobilityhouse,CRT-2019-0052,HVC150-US1-3720-012,1,EVP-2001-70-P-0001,1,11/26/21 23:44:48,11/27/21 01:25:34,6046,3426,73.575,138.2635416666667,77.31173380035027,$0.00,,,,,
257,258,CR_Mobilityhouse,CRT-2019-0052,HVC150-US1-3620-827,1,EVP-2001-70-P-0001,1,11/27/21 01:25:32,11/27/21 08:52:49,26837,26237,16.879,135.125,2.3159812478560813,$0.00,,,,,
258,259,CR_Mobilityhouse,CRT-2019-0052,HVC150-US1-3720-012,1,EVP-2001-70-P-0001,1,11/27/21 01:27:35,11/27/21 08:37:52,25817,23237,7.265,135.32083333333335,1.1255325558376725,$0.00,,,,,
259,260,CR_Mobilityhouse,CRT-2019-0052,HVC150-US1-3520-626,1,EVP-2001-70-P-0001,1,11/27/21 05:19:29,11/27/21 07:39:15,8386,7506,6.197,113.23333333333335,2.9721822541966425,$0.00,,,,,
260,261,CR_Mobilityhouse,CRT-2019-0052,HVC150-US1-3620-827,1,EVP-2001-70-P-0001,1,11/27/21 14:38:26,11/27/21 15:17:45,2359,2319,74.555,133.7,115.738680465718,$0.00,,,,,
261,262,CR_Mobilityhouse,CRT-2019-0052,HVC150-US1-3620-827,1,EVP-2001-70-P-0001,1,11/27/21 16:39:46,11/28/21 22:00:26,105640,102780,119.061,142.91666666666669,4.170262697022768,$0.00,,,,,
262,263,CR_Mobilityhouse,CRT-2019-0052,HVC150-US1-3520-484,1,EVP-2001-70-P-0001,1,11/27/21 17:08:35,11/27/21 18:05:23,3408,3218,6.94,140.83333333333334,7.763828464885021,$0.00,,,,,
263,264,CR_Mobilityhouse,CRT-2019-0052,HVC150-US1-3720-012,1,EVP-2001-70-P-0001,1,11/27/21 19:20:46,11/28/21 08:37:51,47825,40845,148.586,143.2385416666667,13.096085200146897,$0.00,,,,,
264,265,CR_Mobilityhouse,CRT-2019-0052,HVC150-US1-3520-484,1,EVP-2001-70-P-0001,1,11/27/21 19:36:56,11/28/21 01:00:02,19386,18706,36.69,143.54166666666669,7.061049930503581,$0.00,,,,,
265,266,CR_Mobilityhouse,CRT-2019-0052,HVC150-US1-3620-826,1,EVP-2001-70-P-0001,1,11/27/21 23:38:40,11/28/21 00:18:26,2386,2386,74.89,129.58333333333334,112.99413243922885,$0.00,,,,,
266,267,CR_Mobilityhouse,CRT-2019-0052,HVC150-US1-3620-826,1,EVP-2001-70-P-0001,1,11/28/21 00:49:19,11/28/21 01:00:35,676,676,22.982,131.875,122.38934911242603,$0.00,,,,,
267,268,CR_Mobilityhouse,CRT-2019-0052,HVC150-US1-3520-484,1,EVP-2001-70-P-0001,1,11/28/21 01:01:55,11/28/21 08:30:51,26936,19256,14.043,140.83333333333334,2.6254050685500623,$0.00,,,,,
268,269,CR_Mobilityhouse,CRT-2019-0052,HVC150-US1-3620-826,1,EVP-2001-70-P-0001,1,11/28/21 01:03:38,11/28/21 22:00:51,75433,73803,162.519,143.33333333333334,7.927433844152677,$0.00,,,,,
269,270,CR_Mobilityhouse,CRT-2019-0052,HVC150-US1-3820-199,1,EVP-2001-70-P-0001,1,11/28/21 03:38:34,11/28/21 08:43:41,18307,10827,15.995,135.7125,5.318370739817123,$0.00,,,,,
270,271,CR_Mobilityhouse,CRT-2019-0052,HVC150-US1-3520-484,1,EVP-2001-70-P-0001,1,11/28/21 17:31:42,11/28/21 21:59:47,16085,15605,126.962,145.20833333333334,29.289535405318812,$0.00,,,,,
271,272,CR_Mobilityhouse,CRT-2019-0052,HVC150-US1-3720-012,1,EVP-2001-70-P-0001,1,11/28/21 18:40:06,11/28/21 21:14:41,9275,9065,66.97,143.75,26.59591836734694,$0.00,,,,,
272,273,CR_Mobilityhouse,CRT-2019-0052,HVC150-US1-3820-199,1,EVP-2001-70-P-0001,1,11/29/21 02:42:24,11/29/21 05:25:20,9776,5216,162.824,134.79166666666669,112.37852760736197,$0.00,,,,,
273,274,CR_Mobilityhouse,CRT-2019-0052,HVC150-US1-3820-199,1,EVP-2001-70-P-0001,1,11/29/21 09:17:07,11/29/21 13:43:24,15977,13007,127.211,143.95833333333334,35.20870300607365,$0.00,,,,,
274,275,CR_Mobilityhouse,CRT-2019-0052,HVC150-US1-3520-484,1,EVP-2001-70-P-0001,1,11/29/21 09:17:57,11/29/21 13:45:14,16037,14927,63.565,143.75,15.33020700743619,$0.00,,,,,
275,276,CR_Mobilityhouse,CRT-2019-0052,HVC150-US1-3720-012,1,EVP-2001-70-P-0001,1,11/29/21 16:43:41,11/29/21 20:25:26,13305,10765,127.573,144.58333333333334,42.662591732466325,$0.00,,,,,
276,277,CR_Mobilityhouse,CRT-2019-0052,HVC150-US1-3520-484,1,EVP-2001-70-P-0001,1,11/29/21 17:40:13,11/29/21 22:44:19,18246,12416,129.552,143.03125,37.56340206185567,$0.00,,,,,
277,278,CR_Mobilityhouse,CRT-2019-0052,HVC150-US1-3720-012,1,EVP-2001-70-P-0001,1,11/29/21 20:56:17,11/29/21 21:53:02,3405,145,5.233,144.375,129.92275862068965,$0.00,,,,,
278,279,CR_Mobilityhouse,CRT-2019-0052,HVC150-US1-3620-827,1,EVP-2001-70-P-0001,1,11/29/21 23:05:42,11/30/21 05:16:18,22236,20496,74.0,143.95833333333334,12.997658079625293,$0.00,,,,,
279,280,CR_Mobilityhouse,CRT-2019-0052,HVC150-US1-3620-826,1,EVP-2001-70-P-0001,1,11/29/21 23:28:58,11/29/21 23:35:33,395,395,13.292,131.25,121.14227848101267,$0.00,,,,,
280,281,CR_Mobilityhouse,CRT-2019-0052,HVC150-US1-3620-826,1,EVP-2001-70-P-0001,1,11/29/21 23:40:01,11/30/21 05:17:17,20236,19176,129.968,144.375,24.39949937421777,$0.00,,,,,
281,282,CR_Mobilityhouse,CRT-2019-0052,HVC150-US1-3520-626,1,EVP-2001-70-P-0001,1,11/30/21 16:48:58,11/30/21 20:59:43,15045,15025,34.359,144.375,8.232439267886857,$0.00,,,,,
